id_producto,precio,categoria,descripcion
P0001,58.91 €,Clothing,6GJFfPug1voQYH3zfXItpbjwRA7VVT64DGtG8VnRXaJJZ0SYJa
P0002,15.67 €,Electronics,Ai3c6EdaRU5C0WuWl718dSYHakqGLiMJmpbVgn7iq6syGN3UJP
P0003,50.58 €,Sports & Outdoors,yMidjq8PGxKEf6YFWfUKJN1sDhyIs2xareF0uaA4ngzUgmrDKc
P0004,72.88 €,Sports & Outdoors,E8LBdxZItLULWZUyKPwzkjZJHD2GOSuqR7Od4DX5624ex1t5lN
P0005,70.23 €,Books,zQLYUssRkFNu2GcCd8xBPrc5xiJH5DGQ66A0X4TFU0cHeazM6o
P0006,38.15 €,Home & Kitchen,BWTEBnPofLlnlzXIs7YGgeCuEdkHaoAptjWkFF3K6fWFreSdkj
P0007,29.46 €,Books,wRY7bHnZGHvTI0Wohm402P4HiSvNdT6rlMn3yPP5t2eYEUfYXD
P0008,84.19 €,Clothing,BwMy4M0Yd7xVeG9VBApK2M5w0jZNBBUxdDBmNI7wMl05DFzgyF
P0009,22.99 €,Books,ZYe56DXTf6Sq3LYpZM1aWlmrV3IBFsGccHDrvKknWrLigT7s7f
P0010,32.40 €,Books,DOCqX8LOw4BTNdjymZDf6pnZVYsVY4UwoUmOpEmAZYCijM4UJf
P0011,63.02 €,Electronics,tHlni48qZJ6w17vjViy3vKpPaWRwMrM2DG8QOFCF9ePv7AC1jv
P0012,45.54 €,Books,xMGNVYTr8m8NUWZ3lBfqq0UUxabBpNKyGR7YT3UjFzKeo4xhhG
P0013,7.98 €,Clothing,ymtkyN705n9yFHRcyOrxzrXn5d9E4NPvL2YlWqsUrTOpYuzzKN
P0014,75.97 €,Sports & Outdoors,dcIClgjCIsF6We0JkaOD2A3ryGW5T2Q1bIlqlJbZf2SAYjxvRZ
P0015,5.46 €,Sports & Outdoors,xCLI2GsjQOVjo6k8HbRIvjVJPB0OgOSscCAnoJ8LBqIXtrliAk
P0016,6.71 €,Clothing,zQP4kP8MnvlolgPEsAHYxDW7N7dI61c8FGdLNFqHcueCo1DbPb
P0017,84.45 €,Home & Kitchen,7O5sRtqsuUuwVHzaAnBe4I18BbY6uYCLJmz1F8kCBh33cgQEm6
P0018,59.04 €,Clothing,yqCWNCHEMUCEOgxFPngcHw5gvhU6eystFIThXrQahhXbMuYW4j
P0019,73.97 €,Clothing,WcmoRsvoNdAwMxSZawBaQTYraIQjiVMXxljK9awnkuc1I7lCSK
P0020,68.71 €,Clothing,9jbIBq5DfAhKkyyfHySIgf28dh24cSUXpXUpEOquUZhr85sV9A
P0021,35.12 €,Home & Kitchen,AMoiuIwS1xOgxsRVs3rwD4649qR9aUkalDcaq2jhxDw8Afdxab
P0022,42.43 €,Sports & Outdoors,A0zMzYmRjdLaudH6kh8USek3F8m6hPDaa9LenPLPPQFJIx5Clz
P0023,21.95 €,Clothing,QStJ3In5wZHrL7K3KGxeqzVVCy0HaUlv3bKyO6yP24NDnED3Ja
P0024,85.57 €,Sports & Outdoors,zGLdQAVO1D6LoZTmYSOxjo7kemb6ciJmnCx27cXHRTtazU072s
P0025,83.80 €,Home & Kitchen,l47hrLi8h1vBk93tcIyc59xf6rguIvP8pFYQrn3RYvXkfqibfI
P0026,89.25 €,Electronics,Xox9iFw7bo4HWmnbZ8i0RMJ8VUlgk8DNj0gPLH5GsZmYGruuPA
P0027,33.85 €,Books,0f0fAwqXcxXcwZNNChFYnwjyQg8HIHpnfCUQHKsP6xKT5ZB4pN
P0028,77.59 €,Clothing,i2efKv7Rt5H3sXdGaU4ytl2SsYOdu2VQLcPR40c2oCuCl3plR0
P0029,11.17 €,Home & Kitchen,nBO0y9HToKcw6xTRMSFxT218HTp0wpwtDw3GguyclhbeSa0hul
P0030,41.77 €,Electronics,cBllpmITbDLNjPqy0CuYFDkhNZeHHaZEpDJ930il1LiHo3WGpG
P0031,67.17 €,Clothing,tVTYDdfeZnc0qK182IuqbjLvDXIJzt88Ybr2wrxwmnZORYZbfr
P0032,87.49 €,Clothing,aADrV3Dtw6br9AvzW3iMIl9wlNgaFI8gw06BqIoormQqxQMnAh
P0033,58.98 €,Books,2mjZBczXVxTkoc3g0d3vK01GRq9eFNOruOuKcakM00Hf6jIiZA
P0034,94.16 €,Sports & Outdoors,bUqpklkoNewvr6t3HaWYtrY6lKZgnJeG94edpxmUm3YDfQ3WIy
P0035,93.23 €,Clothing,2aZJvLHJPIcinBX92ZxEeUJ1wYzlQYwc5IFB33YWVUDYIZwvLw
P0036,6.48 €,Books,W3aIOjd1MbpOkQiO9lZXUBIBc84twIGCLyXgnzOe8RULRBdjS8
P0037,71.19 €,Clothing,IxgPubEysQUVdxla5xri8SPBu5fsnTF0N8b9oBYzfRDFOqvD7t
P0038,19.83 €,Electronics,xd5qrZywJy8eEuYbcQ6cE28BBzs9ArjBZ50jbOOig8fBR4EbGe
P0039,69.00 €,Books,gN71LKOwRokixHVBj8TzT6zquXGiwwSxQOuK6vRffkW7tvDKp7
P0040,35.57 €,Books,Gjk8XYrOTszBPa15u9rNHLg126pst11c4c7DR1w3nR5vhzvqEp
P0041,29.29 €,Home & Kitchen,ScaEvjEBxKAgnVrZHQPpij6LUPnRiXoXrRbbWjwmMgb7ocrzKO
P0042,48.64 €,Electronics,xlLbegZrem9qbiXvREIboJbX4Pr97QrjJlfZWPmKDZHgYd4jZD
P0043,7.38 €,Clothing,a4JphBQdhy1zmA4rffuucTPOM1OLcMoS4nXRjjiDLlE2aCR5ZT
P0044,10.71 €,Electronics,gfZFRpNOuNIgY2KNhcPbE3oF0nx484p5gP8N6BHkfaO34wae9P
P0045,23.68 €,Sports & Outdoors,fkB8huW9CyZFdtreKrnH89elAeV7lteDNfmElMji05Ptqtmp3W
P0046,7.71 €,Home & Kitchen,0t5NjYTfp3L5uxHo8gw2jzWi0ddwESO5mnxmemlj88SAXaUs8v
P0047,68.74 €,Clothing,y94aapE9fFZfCA3QJ1EZDItdpE8niuID9NVQZpFEi2u9AUpKHm
P0048,22.93 €,Clothing,hgJXmz70C970r5Yiibiyf70txdUfMrCd65KupdTDlUi3NnQyQH
P0049,2.65 €,Books,mzb97TkZFjJRGUK2BOMNO59RjHzQFbgLRJ4GgAxtnKShqGgfRL
P0050,25.64 €,Sports & Outdoors,h5HV0TGMbqB6g86tkvXtcsdpqLAIgJYK7weM7lSFauwYqif2FY
P0051,53.88 €,Books,TbUVkQFBxeuk8TOZAbtvCdDHY1azBcku54WJTMIcEhJHUHhyop
P0052,91.26 €,Sports & Outdoors,pdYA30f99HhgFDbwsTw2uKQZQkDNXxxqt4b2DLlDYqx6IFCIy8
P0053,17.64 €,Sports & Outdoors,tLtbFqr86FcNi7x7jWOpVawXBMR98v1WiyAP0AzJddtbbkR9CI
P0054,26.61 €,Sports & Outdoors,sEihCuiVpm4sluVcUew1HecMoPbnkDzjbc4sYPYhwxRAuOJoGe
P0055,99.56 €,Sports & Outdoors,2f5es6RfOEU5TjbsidVfblD3Qpl7pa57qwN0gOOOBsF0QAD74U
P0056,34.88 €,Home & Kitchen,24631cEqnA5jqE4xIZAx3g8Sma207vyoCoRg5QyqIyyGWXcQIK
P0057,74.31 €,Electronics,dcviGSuHA8rW4q9Yp1MJSSY3LJIw5B0XYyFD7GzlLIQIGGK3xb
P0058,32.91 €,Clothing,vgI8cJZptxVCG1Da0gx2WzCEGrwwhAPgP55AB3npnkdKUDzQrm
P0059,94.32 €,Books,1PMNFWaEKkmubOdNPz8ev2UAV56e1E8VGJl5KebOoGql8ShrHA
P0060,35.62 €,Electronics,UNFtRhNCd1Fcb9ekHbpp0noYKkejs4IPs4iwbv14yyO9CIuuP7
P0061,75.68 €,Electronics,Ybqa43ToGpoRIyifjZ9wZTOXRKBwfuczPSSCpk8fUYEcsygCwc
P0062,18.79 €,Sports & Outdoors,V4DohS8LqwCHsomtHUYi8AP9h9s3rmEIdy4tcuIM1WK43ok2h3
P0063,71.80 €,Sports & Outdoors,Ce9COxf893DO5o8weerGurKp9ZWDZUh2OkkqFnLpYN5MTHb0Yj
P0064,3.83 €,Home & Kitchen,msgWwgpZwCYqgk9QjP8NX0dQAEBYpG20dC8IADGQ4xj2XlL3po
P0065,89.83 €,Books,qlhb0f2D29jMARCF0zqfzJpryBIienqBHSSWsiLQ1rPie6ts3S
P0066,17.15 €,Home & Kitchen,mKDWEiwTU35v2st2ImIXgtRkBZ8QmsgfOGBOolyfHdQx10RC4o
P0067,32.90 €,Clothing,BHBQTX8SQMmvFMdXY8qpMYbIwpqOPWlWtd4pxH4WDgGpmrEuC9
P0068,29.81 €,Sports & Outdoors,qHZ5sogxCc4GMeJEFOOZCPpLvgit1nmKhLZyHBWrxTzzlkVPkL
P0069,47.27 €,Clothing,DzEyYzKrRijaQCmLwtuDx2lIRMzUMfWnQWRlLnnJlCMXSG4aor
P0070,79.18 €,Sports & Outdoors,xiYsHLv146c1o8iw79eMHuMlARiq8VL7OgcnjyMAtADyUFqYJh
P0071,64.03 €,Books,ne6G8PzuusMbupVEpqRvahDXhiXj555qA3lmXpT97FuxaivLj8
P0072,31.43 €,Home & Kitchen,ROcdUqq6aQzJHGYjcs90wQl8jMo3BziBCIHg4fCPGgdbU7JXXh
P0073,1.27 €,Clothing,9B0fkVvDyaUokXG44TFy1WvyzRIkIaHTHlZLpK1BYh8i5jA5Wv
P0074,34.19 €,Electronics,Rr6E9atI2VYftCV64toY6AzvPdQPLbEaYH0ZBn5vmebtv4wR9a
P0075,30.25 €,Clothing,4ZND79Kj6NLw92Jo30ZekHBW0QLPLERlQOiH7YNqnQXVBRWDfY
P0076,33.39 €,Clothing,TEERoHduKaC2yzSn7AdGpIKWaR2PE3BENkkddBvUGLJfvHHGOz
P0077,1.33 €,Sports & Outdoors,UP3GYG8WSWBZza77Qvz9nyfojvfy2zYBFg8YaRZhRK0BkWCJpR
P0078,61.57 €,Electronics,jtGqO3TvXPNUqdgqhu5tKyBWm1zafGom5v3AUxfGaf9HhuxcRF
P0079,3.91 €,Electronics,JnnuPMMn0t1yCPUsLIlvRjugLu6MEuQYqOHt8rKX6dUswu5AXu
P0080,23.34 €,Clothing,rImaF9drQw4AGVLBDjz8USVGl3u1lV2L05tbWdAa6nYLDG8k7B
P0081,59.58 €,Home & Kitchen,uewqC0BeZjYQ496sDsnwDCgtzeGphJR7vkC1CkBJBkZ4WKm0Bx
P0082,35.32 €,Clothing,IFpythTEZRSfqMKkBUALwgM8s1sF23RtyXwG07taRdJqSfJYlC
P0083,49.54 €,Electronics,fX4TbvTnxjRXmDayiKfjxXHCDw907G6UvLGwUZfxqRwIbW0HGA
P0084,28.91 €,Home & Kitchen,5Z6JlCuqphE2yDR55yBKqZnnvEtgZ5TZdDzsV8id1b79HhazFU
P0085,73.55 €,Books,xLKOvejwTVnABLBHi1My19dya1No644eJOxUS7qpC18U0Vuay3
P0086,6.76 €,Clothing,mSxq88HgjUpnpyOxkKras3K0v9Dvbm2UKBG0LgZVJ03lfxkepk
P0087,51.40 €,Sports & Outdoors,FeNY1R4hsoisfoanHu19r7x9v7adKeUWMtCEdaPkPE62eRoEv4
P0088,82.39 €,Sports & Outdoors,gbOIvQnNI7YWNhs1LlWHBJ8W5bPi9kX4bOiz2zFQzaeWfrZaGE
P0089,94.87 €,Clothing,OOSOSGn6WySRfdi4kqLixsVo0HiROAzkcJvxovMpJYh6RhxuMD
P0090,67.36 €,Electronics,l84xJdMxj77T7BLrMeF6uTeWZOSkaaC3DPZIlJp6aCqmlIkznY
P0091,71.67 €,Home & Kitchen,oVmht6dGpktROTYw8hzAAFtcZdISzZvJFvpu5FkEyXkBLpyqrx
P0092,24.05 €,Books,jXAyBYEwSWveTsSpBa1WHi9ds70iW4LWnxDMLcjL1osWUd4f48
P0093,76.23 €,Books,vbY0pb0vjziJSkMnS28L6sJMcKGSwfDD1MSLiM7aXvVOKfEr6P
P0094,34.67 €,Books,JNEoNf38Wti9rrPFql73uv6JB5MhAbP2R5wthIuYOX6033kvoq
P0095,47.61 €,Electronics,ujQZyC42VfWvzAwimqdYrwkSn0wFCTitDBOAy59M3JbE79uxts
P0096,39.33 €,Sports & Outdoors,qDwhv2ivVn6ZCk6o8U3XjB5OfCTXX6Yr11pklCG3NWAU1HN0xx
P0097,47.92 €,Electronics,WN2pysxwH9rrEliqTapLt0Kbhgi6T4JgGv3WNXIRJnAXVCv1Z4
P0098,90.45 €,Home & Kitchen,ptnl2GPGPkW1ZcPx9R7ZjvfEGqA6PBHoCPI0ESWidf7edfDUSz
P0099,51.61 €,Home & Kitchen,kAtcEhubS97MdP3CVVqpZXGBzFV5hAu3gYUARIhKIKqN7rWVxE
P0100,26.62 €,Books,YaHO3D3DwmhoydOumHNFBYHesrjAEwR4ccuncDlElOj7FUeyec
P0101,86.03 €,Books,0bwqktrnA4Mp2oUHo1DTwKuj60SvI7l8vWyxhzIAbfPo9DYFw2
P0102,49.28 €,Clothing,1cKziQczu6l6g0CE7H4oKrBGlcal5SfUhZ3gUTLBpAbiUHXbDS
P0103,48.37 €,Sports & Outdoors,3w9xKjf82dFXzdQUYxn1yOTWAPSBC17JjQ2CaEllUNC1KvXHnY
P0104,38.70 €,Electronics,oWp7TYqvhUbEhcbzpKNbBVw8kkUILJLYzgXOBpoVHCl0Qj7W2B
P0105,24.99 €,Books,8UrOe9OoVh1mnSm3lwKFsOmCc5WdRtY5yzvbSqEom0CKdhSoSY
P0106,77.97 €,Clothing,LJegKFUj6NpGxoveMKsC8hb25NXv1GSclojaJTqy9VwKkZ9A9L
P0107,97.33 €,Clothing,5MVNKLlbSpmA41PuIWtQSMx3IuXrRonwXTqctXuqhr7DmJVCMG
P0108,11.04 €,Sports & Outdoors,l2pbuGpLAhaK9DU8xrMyikM7rOhMPwpYSLkhRQnZ8Bbvr4tHga
P0109,25.04 €,Electronics,2LkyMgsbN4o389eLCUUaq7bHMC0TZEU5iB3yGT9xtnGuDZfcdO
P0110,28.35 €,Books,VvrXF2fcXA1wgtYZAZYJBO2steXK6C4IivX8iP4y8BDqdaXAgd
P0111,75.06 €,Electronics,Rzr8FiexKmvuVEwNx7fQ3h93jk9fmYl1oet9w8V9T4XvNrzmm5
P0112,37.96 €,Electronics,a7VjpVQi8NMnNxEUs1tRzRv1wwJPruV90XYCoqPhI0BuVz04BB
P0113,21.65 €,Clothing,8QBVIEcblOVANeXowNVvyb9U6mRjSHaBCkJPzRQJfG4F2VnF93
P0114,77.03 €,Clothing,pOE7pxspemwqiSioWJANRoiAbNnnCm4lrBwUcvBpaHW1mg7NVN
P0115,92.63 €,Books,Z1c8Atx2Sg5HrF9xR6v0sq5zjcRP90k4jvuuLmbogiKqzLssps
P0116,40.88 €,Sports & Outdoors,HBYOKrEsb1LEDHx22y2taTBkDrZwbJrshy9dThH2vcVnuWe3r6
P0117,50.91 €,Clothing,W9VOC5ojTVE8jKfw84vPvCT1sTLDs7eeROJ2qvXb345kY1tZ0z
P0118,44.23 €,Clothing,vzNSQcIkhTNdQhp7cCWVyFyrmWKgjULiGpcPesBM7HoX3coKT2
P0119,94.73 €,Electronics,91HOCuSVJaQmoAMv5OLzju1KpRXJijahDKVTKjJ5ZfLxoRNEvU
P0120,27.34 €,Home & Kitchen,mfEPDbjAgvmVIYYmt7ASQPZHNdSve72li3tfWqKrhtIV3ZHSMB
P0121,14.81 €,Electronics,PND93tGNSCjFIyDh1PM6AW1SdfqJ99zPfUuVpLqjngMoph6TS6
P0122,43.82 €,Electronics,mTK3f3SuBjsVLYTc1p5hkCThkxbH05NoxYsiR00w1PTBk9r5mg
P0123,30.22 €,Home & Kitchen,Yrsdiv1anEXuRSvlhyXXSWgFf2AdeiWHaJwStuaiouG6xA083s
P0124,60.63 €,Books,Wzkdg5f7JyaeL72C2HuYOHA0SJJRwyVw5pOi65qiWIjYhakjNE
P0125,89.81 €,Electronics,i5RSZBTYkeX9xP2YZ93fn0TsBfcyOV47HhAaWOSaOwOnShj0xa
P0126,60.61 €,Clothing,LZBSjMlKL6HvazrFIgDRUYLUbhdRlYT1ltBsClFAMebMrwPEk8
P0127,69.00 €,Clothing,mIsfNeNmgYBUzqvf7GSK3L9kd7Ikzgo3Ozu0ivb3Q9ZHC6D5PO
P0128,33.63 €,Home & Kitchen,huhqCZoiKlDvHNXkF144ynM7NfLsJKQnYiM9mxjIHopefUIb3I
P0129,57.39 €,Clothing,tt8ianxyUSjQKCaPpiTK4T6rYjWMiC6LcD1bjHSLellu3qf3AB
P0130,58.68 €,Sports & Outdoors,CutbYFNKEKoZ2ZYdP3MCIZBHks4dlueN2oD4LsOme5NKrAdBuL
P0131,1.94 €,Sports & Outdoors,YbmGeLxlmRzYf8hlEFCm2YIGn94bMRvjTwBHlPvuCYcHbiaxWC
P0132,56.05 €,Clothing,MfnjirXpuzh5TnWwTmUQhAg8IxkCwVogo3rapZ9koiAveX73pB
P0133,32.54 €,Home & Kitchen,hx8EEB8fBzRUwVzZOcxGkDz95uL4P5nuOeCsv0TudaAhsxGcm3
P0134,91.89 €,Clothing,dYetHxk6aQMaza6FeYkoM9Pal3uKXEzgxHUx7WU2My3m3YoQE0
P0135,36.63 €,Electronics,FfDzvRBmLPrUIptw0jYIPiUUUVO2ZxNevHzVHb3gR8NGOT0qYX
P0136,65.20 €,Sports & Outdoors,BBFvoInxskA7jQLi0l5hd46WCCPeZbrkURehsufIe3ZX2pf3of
P0137,33.77 €,Sports & Outdoors,pTJmHywWBCeknEitEmb64Gl3GoAzAGULqBnFsaMFjhoAgP269v
P0138,41.86 €,Sports & Outdoors,NaPaWhdo8me5s6dDK1pZX045vGrGnSOVJRblwQzXJKTakXx0Wa
P0139,79.17 €,Clothing,ISxndg2xRj4NzAiZUbxV1jY7HIwzhcksIh59KmBpmDAmn2eF8c
P0140,72.46 €,Home & Kitchen,iwEvDaUvjSKydvZJ9Mtei3TVVpvHxibBG5EvRgXOOL872P2al5
P0141,13.84 €,Electronics,F1y0cO3Jiq10cfchQ0VcntFeACh8qQIkqKScPmGtcQZy8dVeAE
P0142,84.85 €,Electronics,KWy9Lu97JVWHAosBcahz6hSmqsczimj74m4DVxR19PbU3UCeT8
P0143,88.14 €,Home & Kitchen,9TWbdSfatR78YkzrlsdbMp8eVncJM33wip8KbaO4DAPKj7whei
P0144,13.28 €,Clothing,QlIm87igCTAe57aPabRMN83YlYDGdkNcoSMzUCnVZ61Q3h1GXg
P0145,28.95 €,Books,UUWYasJ4BNshFjYjhf1Pqc6V5vfaABIjlyQyveUsiopuvzS6nS
P0146,20.46 €,Clothing,quh07Bvtb6RY6FMcLLELBOMBsY2hXJzNcPzT4d9731gqiKt8F4
P0147,58.79 €,Home & Kitchen,1X3COzOlSvb5JrDAMCx8820Qp6ksCxHa0GFahfyzdDHmuCKUHF
P0148,14.66 €,Home & Kitchen,qm0Z305RVAPjWkXp2xyikQd2F2t7ty4mtBRRvKYjrcFcAioonv
P0149,25.05 €,Clothing,6TZrEVE9QDuz0lnYDeMgl427RvjCMUCefF2fh0eKtj1gtbT03c
P0150,97.92 €,Home & Kitchen,daq7vDlhb07wPM3Ihh9Qkv0zhzWe5vRjKp7z4qRfE26lNnUX1K
P0151,51.80 €,Electronics,4g63uqUxPCmQDvTZfOKbkITnaRf2bKVlMSHRxM5G8m6ZtukE1o
P0152,66.85 €,Sports & Outdoors,EkOlLfjl36g6uge6ZKbIHlxSoMqMBOZCQV0buGbkPMOSSdA6UM
P0153,52.63 €,Books,wCMRVDzeWh4ON3MfTKbtPDFCl9EOIHIvJfcq6dSDrFchW41zib
P0154,34.49 €,Books,DqsUwB5Ef4qug1pseeV1afx13suOFLGZmuaZlxxtV9hcffSClg
P0155,27.07 €,Electronics,4mZSYshZRS3QeYXal5iGVjJp4F9rronQk7i9g2pbzfIDQNR9V8
P0156,45.41 €,Books,h4jwrBL5eFI21oLRWtfYxBniCU7DqrRPkduNcY9FFKbBFFgG7M
P0157,51.63 €,Sports & Outdoors,pE0G7SUaqKlNBYhqh8lkCUqzJ1dtP0XAuVsmc32nA0V5W0Kwra
P0158,11.09 €,Clothing,VQH2HhsfqU0kobR8vED1MsybrMfSqJvg6CVqZz4DSVbKzwVFdO
P0159,58.34 €,Clothing,3Uq0QAqB3pazuCG6BHUsKOS1weniGWqAltbmbf336bFnyuNAuf
P0160,96.97 €,Sports & Outdoors,oxCq6yy0sFopufOl3mbVeeH8JjBXGF38WsR8tjWKcYitSvF4sg
P0161,21.31 €,Home & Kitchen,pkbqM2DHlizTbEf2lDh6NNrfNqxWggaMbpm2JBpC9uE2MO4Oif
P0162,93.85 €,Books,LPMHKlbbfiODwP0aMb8aqZizrdfYoXrDO5s7Z6HH0aGuSSPex5
P0163,36.60 €,Home & Kitchen,5rbxohpeB4QXamuKaAL0IyMo0WsNMS4iK1K795vgp0SjuncvJc
P0164,88.92 €,Electronics,xBCPfsWkzTURJh6vhXvLnyNkKRkVrDzm1CfNti76qMTd8kahg7
P0165,93.20 €,Books,Wk3wS8V6kUhy0nWnknaaSiS3oQJkfAf8pOK0GAbRqMwQ3LVpAe
P0166,56.80 €,Home & Kitchen,dfEvaYxl0MJ3VYlYrYzdImebVl7ENp0VhWZhIAkqqFLHQzPU8C
P0167,88.17 €,Sports & Outdoors,y8Efq93OmWZtzYYgcAN3Mw5xQmiwA0hj7AIzQ8Mqba5oYKUHCz
P0168,88.23 €,Sports & Outdoors,cye38REzEWEuJzDzAtGC3V28aVilOKmNWiUGCZ7TJa5eMbDnbE
P0169,7.13 €,Sports & Outdoors,L4gUj0xwA7SH0F1KjRcrEpwKwYxGbXQ4gjjtY8YetiaMmkZcoQ
P0170,64.48 €,Electronics,9RK2hpzPeL9MqSl2zbUU4x8hyuYHpEpkh6Bq27Zf5Z3Do0fIpq
P0171,25.81 €,Home & Kitchen,L5LQphKts4uSpffsF0ziHzFVBEZYvCz1bYHJXHvdqA9K8RvzUR
P0172,6.55 €,Sports & Outdoors,iWnWbG5vLBDHsPjiWKY015Hfc2RTGjnLz3n2gG4airPRbxpnIS
P0173,58.91 €,Books,UASpWkt14nzeB6fkBDwO42wQiCijnSTcizwW1eB1yy0Rmyqi2b
P0174,60.67 €,Sports & Outdoors,UgFhJqzvRKhtmzsTPhyU6K3u51YrPukuMMT4A7knxGC48fIraB
P0175,5.79 €,Clothing,gRGtr5Xx8CJGKCp9bbNDjg81RSAwcMCXXL5pJWmAKIkqVQSekj
P0176,76.20 €,Home & Kitchen,Rc2Z4WT5lrbwnVu3RpbkZZwtgkB05tgCalApGbCxs7Pxh0hEPO
P0177,81.94 €,Electronics,onk6qwzXo0bpmSXC4LaktXaGYX4NX5J5Xrm461KR4etbc5tLSz
P0178,11.50 €,Sports & Outdoors,boDXdDTlVgtJZZoBkbjqtUCMoBCidI9p58vBG4yMbA6dKjHFxd
P0179,37.28 €,Sports & Outdoors,8BTlvgPKK7FFpiUtDPsBn51T0dCqCjfXgs2qPEi2LhLBlvNnaC
P0180,79.81 €,Clothing,0xnn5PI90awvQ71tRlY0k4YX5BJ3EwwN86yRSBKeSPymqZ7pVs
P0181,54.23 €,Sports & Outdoors,eyWG0Leb7IRmrdS59tRRm1sKAiVCMBd75wS2QzBl84trpC47rq
P0182,27.79 €,Sports & Outdoors,4bAcdeV5KMrPwmYxS5nCWfhP56QSHxExnWXNqguQj0YX7FSvNR
P0183,83.70 €,Clothing,YhYJPX64PDgug0p9roQA8uubORYji2dUkQIyrPLQ5vmCs04yy1
P0184,2.61 €,Clothing,6AzXOTCdiEq3OD5F4DFDVuXQtUd97gspiTRIfhGLhBXx9WE5Yo
P0185,22.50 €,Clothing,4tUHg1DnIiceVacmYEDc7WmV8ToZyI5QksZDD3xVxAbvsqPiCQ
P0186,88.93 €,Clothing,PPR1vC6YemSs14bZRZNecguT5lfK75ehTFBf21K5ycPfyHJRO1
P0187,27.29 €,Sports & Outdoors,vdV33UTgHg6Q2MGg4vCwg8O8eEty5DJrcOND5n3NickDM13Clr
P0188,2.21 €,Books,ejMPnjVuxEtcYHz1ebLFL29PgxBUByVMVJagxnRdJ8jTvadEB8
P0189,43.93 €,Books,SHZ5d4ix7oF1MijII2RpvqVG4YWGa4C46LXcPz2fa0oQOnHZ03
P0190,14.73 €,Clothing,WJ2Nz7UxlqkWx09LlDSy5BjS8Dcp4tk0ICNOznlgnI9KVGhyI3
P0191,75.04 €,Electronics,LWx1SM5tEwcEXC8WWy9W9g3t7V4OgZqqtKwNTywWju8VGlcsUG
P0192,84.62 €,Home & Kitchen,ThHTUYkuCqSLXKVL5cL2x35NKCeip7MAxx6egPn9pbOf0yobML
P0193,41.32 €,Clothing,SgRLGH75Me2tlGSfkfgUUrB2FWQRDbdh9eIgXULBADVvN6pd9B
P0194,43.38 €,Clothing,eOnRpP74GAXrDk8UMb6QgmSJscSgpT9B5B9C1PA1TB9Xc59v21
P0195,20.57 €,Books,QrdLQlbvKlsHdZgSC8i1Y9IO3QwbPpuKsOQbGIQiKC5JZyHt1K
P0196,34.67 €,Home & Kitchen,531xg9I13ffgc5lQuGy1PKTi8YpETie91OUYG1P5yFmFwpOxZJ
P0197,32.05 €,Sports & Outdoors,Di1NIzggR68nvWO355e2luYqJjEn1nr9nEVFCVfvO3M18rjrcn
P0198,2.31 €,Home & Kitchen,T7KwqOifyRIO1Xteo59Pp6AQ0WHnE74u2UDM5tSy0UNsKHnTOg
P0199,34.51 €,Home & Kitchen,g8buZeg8qRMISdBGGhQtqC2ukzLUYuxs4hkbEMH7GMgBofOMQh
P0200,6.67 €,Home & Kitchen,hSrOMW6t6yrKnapDLYDVKXsiE4b759i5h8GjGTTmXsSXyNXFhB
P0201,3.18 €,Electronics,juuV2te4JDgoVZk51L57VFkiibQsgmzJqDlbfeMt7jd0ula0rp
P0202,77.91 €,Sports & Outdoors,f3jgikiaNUhcb9sW3uKszYtoylzeEAN2GnYTuY7ERiBDb9Hzih
P0203,70.48 €,Books,welgfy8NsA5Qp1LLULR8mQbnDLrAYXVIzKXu7Wv3uNjETFRYdP
P0204,47.78 €,Electronics,W3zZQfSmcjOl6QlUMgM1Di0Q7cKKH3JA83R0F49wc09368gXXE
P0205,89.31 €,Home & Kitchen,xzPC1YTJeJhl7jboLbAeZp5dqdFbvuFAYTaByqKImC4OEA7Gtj
P0206,19.20 €,Sports & Outdoors,u1aHTMkZZtkg4Wc4g0rLgsivVEX8i9o8cmd4xx3HViupkuPoYl
P0207,44.95 €,Electronics,j2B94ErNnsXvNslTgWKNwoLr5EBPtI8Tm6hDRMkLO67viWMWbi
P0208,98.09 €,Home & Kitchen,jiwWX3pIfqw2OQBbUWsndP6RPrjMdfotMQ5VPidRnEmN2ZNn1V
P0209,42.31 €,Books,iRyHhScZ64QpIg5CqL0reaJIm3wAApUqvqEWkQxeIqU39wqw9x
P0210,67.05 €,Home & Kitchen,kYzwDJP7zpdVJSqQ3qFKrozo4HTTiNiqmMFc6sw9sLjr0vuvIu
P0211,34.37 €,Clothing,LDxPE6GKAeS3CGD7CcZOjsBcCvWvDHUDX99spu6M7eyWH9uWFk
P0212,44.14 €,Clothing,mIgteyapHpPCU8kH4QeRlyqmBRwVJthY8w9BWEvI1r9SJcXyl8
P0213,82.47 €,Electronics,Kb6UIKYCtpKqmHYjsD789Dy5knx6sJbN96IgpVNyjigDgSykDQ
P0214,21.49 €,Home & Kitchen,Tf9ve8LIeQFgmb2zTLE6bJPR6KaZgdXYivCjMVzrDHEafl6k7M
P0215,57.09 €,Electronics,7a2UdqAwNQaXUahvCOjlOfqmzAP682PzUHZE5pLgu9PHvdaRiG
P0216,8.06 €,Electronics,FaWdXGIs90jsx8JAFL0HJd9SILMuGvVhqOJWIyt8QVhjAvPRHD
P0217,51.19 €,Electronics,0fvmLfEUiSstUgWqERjQmDnzzi5A2q3oyRyxVOTfeqWlb0deRH
P0218,64.55 €,Clothing,bL6H8JNyZbd0Ag34yH4ZxcLul5ZKs7WHOwlq6ilIDN8nXpGIg1
P0219,1.74 €,Clothing,B1nwDEoaG5jUVkgbwA4KERhCxdc5wjX44b117TsSnUtRsaYMYQ
P0220,58.88 €,Electronics,5SnY7J4f35UmuHSNXQs7PwypkGIT3WHXKA5khIc2ghtnYW5rUo
P0221,82.56 €,Home & Kitchen,7XyHjCoc7S859jzZfa8gFgeUHHLSCeBxSOct38CyMTjJVO1Ouq
P0222,57.92 €,Books,5CG1dpTm9pWClOVbkYXJTnKyV3cExMQoSr566yoXn79UQcWRsv
P0223,53.10 €,Books,xh9xkULD5uNLyT7rxG66i7f0OzOupnngxqiJjn9r1FspGfVLpy
P0224,15.62 €,Electronics,DmhS9CwBxG71EOyientYPpgm9yR3TMCnh0keudfcziAgHRIFZP
P0225,28.27 €,Electronics,HiMjWuA6ti2o87wA0zbPnDSTjB0Hql1XryrY1NlLD8W0miNjBI
P0226,90.84 €,Books,wsrDWe2tU147iAFlGzscHcsBh12SGdKg7nVDz8gUYEbt0zWgbA
P0227,91.12 €,Books,UFron9IYcqZ8gQxsNI3S5R3T45oqQzHmJcxJXZsHuiy3Dd62WW
P0228,10.42 €,Home & Kitchen,52Dz8C9FwnfdvA3z4PrQZtkvqPHSQGc3qIAS2xivSJru9i572Y
P0229,17.08 €,Electronics,Xm5VeEEBluobzMfQ1EH95rjsRgzkRGMv3Iqjs17iC51f39GNpa
P0230,62.22 €,Sports & Outdoors,7tWd9Etj7WcXAGsJTI4kVg6plLmzxV1iKw8E2sOYpz5Y4yshYj
P0231,79.78 €,Books,TLTJgl4QdXR0lhYBj33OAToWT2UtS3WcV829TuEwuNKheKiz0i
P0232,36.65 €,Sports & Outdoors,IEvMoGuXrz5ad6I1eORERdtyFhYXCg46781QLetmKJgZ9VJXLz
P0233,19.28 €,Clothing,iAzKXk62EdNSRbJTs06elD8q1djHEr2YvwWAmMCtYTlV6CPyhZ
P0234,67.95 €,Electronics,15X00pzhcbhCJZRtFvQhvn28g3sWRzkgZL3PHxZ8Emn1W3Sokh
P0235,42.60 €,Electronics,ZxzWHxjHYJfPJRqKRnH15CQarZHSAKjfyTeA2wXIsLcONXylCp
P0236,75.35 €,Electronics,5ZHn3nS4KTsxsS0t9gIsLJKxsR0aecLqNBal0IeKRByJpzYeQ1
P0237,79.94 €,Home & Kitchen,53LIiU5wwgNs3pVAuZk86gvsHg3TiWm3Oi4uueNc3xPQRH9r3F
P0238,5.17 €,Clothing,ckuKGkhMyfNZDLnOCetA3mH17KT02W3KP7YCaCAAolpFEGIiEe
P0239,44.70 €,Clothing,OI3Kbn1ybgVqepZ8u3ZNhITHMvtAhD27ZrH13mIpsRqBA6DzTr
P0240,73.02 €,Books,tamG3UK2DZImdB5qrth9qnBp3eyQ2bp2K96xINgjjap0zQidQL
P0241,32.09 €,Clothing,lFMBgyZKwJHltCE4DG2W98ZKYQjxVa950inw4iAICwbnDZEX8e
P0242,89.70 €,Sports & Outdoors,hMeQaTFXQCCS0NGirCsAynpsJKpqLOsf3TJWXAeLzDlerMnlaC
P0243,38.10 €,Books,vugHPS6ZWAdeDilRVcW6yEZc0spJig6Js14Bj2vNpXHTCqVlCU
P0244,78.81 €,Books,Iga5yFtp30dcDynoL5xVRYGmrB6WCKHfOy4We5qumo5KuTvoqq
P0245,55.45 €,Sports & Outdoors,iu8jvYgqJJWdAj9DW38vBlpCMtLVIkYEqyomTmLBRiP1B0L48o
P0246,39.77 €,Sports & Outdoors,JVh3tYdqHcYfIidxIUIl08pZoZPXmMTWHCP52h9SBAB76m6D46
P0247,53.20 €,Clothing,Q5Onuhh5xAn9I4hj4R4itDI8ZKhjoiDVRBZKCYzijPGmPcL8Ls
P0248,30.74 €,Books,Dd9T5oYjO7dSREdpeh4TF8CU23sJaUcW5vPVRDf8DvFy2Puako
P0249,8.49 €,Clothing,UmjVibYp1667NUO2XbjROoOrt5cI778aI7XWZhuC5t1wjEzsDk
P0250,81.49 €,Books,0t2jshUcPgjV0UbZeKk1e8iVAGNgaW6f5vYGfou40q3KY6LP5x
P0251,85.45 €,Sports & Outdoors,P8sr9TtSsK7wPDj5pCK6SByBjx9QREyhwIw7ylAJXX4hUCMofC
P0252,63.44 €,Home & Kitchen,rery2Gk4Xd7bCFRsmrSZMaJWuNSFuVdgrAh1YhKkkBEyeSmf4A
P0253,66.44 €,Electronics,YbD0b4j6eQRtdHogq2YcJVqPkGjLXw8Xe8xdskHjM7AiYCnFxy
P0254,72.71 €,Electronics,ZdLoydy64QV9C8HUJiuWk0XEie6J7bBTKsAWzpEEzMe0dfIE2e
P0255,49.23 €,Electronics,jf1MWYvvWM4oEJBVyxglDoGn8UtuhtYwuWzssN0QFDmuurQvom
P0256,15.74 €,Home & Kitchen,4aB59PIq1ommXpyDDOs8Da4IchUiTH7iOKdDTz8ZBtnyLCvNJP
P0257,65.13 €,Clothing,uHOTSGiC4gBlTRCv74yawopmFOOTeBZKpyBgEbBiDm4DebSZra
P0258,26.09 €,Books,Xo0V6a0uxNJNVZ7ridzolZPmkaJgWeUs8dhleCGkBHFfKcy5kQ
P0259,43.80 €,Electronics,RN5xGyjbxk5Vek8WxHCqjYMPgn1YIpR53KjToIUkMKCFKzqDPc
P0260,2.20 €,Sports & Outdoors,bIJpmxqH4qGPJRFR8pvVgqD9qe6A2c7yxq0udaHCZ7BOoCMUOR
P0261,71.56 €,Books,69RXNwz0flUdK6rWMh8Z8n819QChLll8GIULV2qI2JuTYCY5oL
P0262,58.14 €,Clothing,8fKitkRo4DSsI4hNE0aku9cYa19lk7hH7btkDLg1kHax6KBxTb
P0263,70.09 €,Home & Kitchen,FcGvMZ203DzyFTi0TpCBRR02OYTh41XG5VRDWtGFhXGOtLYz9C
P0264,60.45 €,Home & Kitchen,prbXqHEO2CQvWvWDrpwfY1sWfUiYFPhYOYS09hNZmnlsaRlpia
P0265,66.21 €,Books,HBWjrBRScvxq9ltmVCUmxzlzvMF1Rm2tdBDgkNEBQz2VxWzWAs
P0266,48.26 €,Sports & Outdoors,QmG0BCu6gOVm4jAjpdaDyzhXDDyFOInGz0EUcFscMMPgKqvbS8
P0267,79.61 €,Electronics,llR9dsUGFp8Ca4DUSsWouLYEmfaHD4ieR7lhGZshNc4Mhf7pJS
P0268,53.06 €,Electronics,zk2BoGY3aegFaBnc0a1gJx8DHDOmgMveGiWNDHwAgSZjBtSqOm
P0269,74.18 €,Home & Kitchen,ZPhbmFr3PyFOnFPlEKIWH4ZD10oIoX8Voqis8479iNsKVVeMvo
P0270,20.62 €,Clothing,sITT9p6HlpA602DpxwETvDubdQpoZwkN8jBjGnPNSNM55n1tly
P0271,64.66 €,Sports & Outdoors,4wIZ4mkdSuZK36ZQnPIdjen10ByghUwRl59YBwjMCLDOj8ILql
P0272,38.00 €,Sports & Outdoors,umLSiTXQeY0WRtifkCA3zTITbdLeAGDSt2522koxzlc7YztJNL
P0273,62.26 €,Clothing,K6NNoliOzPFwVdspcGx4gv90gutGCfFGLAoXI90LpusBPoMm2H
P0274,50.51 €,Home & Kitchen,eLVeQOu2w82zMTk0X6hOR9Da68GosfQcUZrqVCCf0GUYfQk5W0
P0275,97.13 €,Home & Kitchen,NdpvLO3l84SRNq6f5XyJUqEsKJQo4aHRfFpfAKA6Trwh2IAhVq
P0276,32.84 €,Electronics,DWpMfOChmBfdQvNDRxdGr7DK24T9K4HpPOyvhZ6nCqFG42uDCW
P0277,76.31 €,Clothing,F5bIqBsg3aBLiNuOfj56nQT2lAkxRV6JAwMtjmZfyYhawft12v
P0278,25.89 €,Sports & Outdoors,ZYTNNHaHMdikQ7Cz8Ic6fLeN1H6FrCi6dXOuRDe98dXi8W3RT8
P0279,2.60 €,Sports & Outdoors,3C8GmVHeixL7cRVQ5lY0RysQn37CNICGRrQMCO8nQMd5XtCVxJ
P0280,64.21 €,Books,Ucvp9yUoDSfjBuL1UlmVz9zB9FG6kvW7iC0t6P04NOydWdbUFs
P0281,15.61 €,Books,q2mJ7H3KvuVf9W2E7OeDQJTuVxR76Urs9fAROhp3mfetRjPZ82
P0282,11.70 €,Books,1r1OjU87oOXlKzlW1sy4T9AepZUdmFACv0vCN38C7F4QbOb0L1
P0283,12.67 €,Clothing,hsrMVa4FV0BggoBHjscdOkeLYmcWZGLU0w26q0A1sHaYqGNUtl
P0284,27.96 €,Sports & Outdoors,kSqqTnjHnFvmUZsO2JKjwZJWWSyeN5q8UGzQ64eLrsG6aGRGDm
P0285,50.74 €,Home & Kitchen,hxp8VFv2YBEJ6dS9ABR2FKZYfJKPQaxEjPaUvMUj9xxPrDKakP
P0286,29.60 €,Books,OVa1nueU8w8YHRdksvKNGfBEHunnW7RDZsUGnDAmb80QkeU2ZB
P0287,68.67 €,Electronics,oqAKbvOtQz5fnaM1F5p5eWc3ltQqOj2zdv6P2FwNMTzmp2veGy
P0288,13.99 €,Home & Kitchen,YOTpNea8BQME93vIw0QjZ0gQ39hVW3YqnwMDNFmYYpNmV9G16a
P0289,27.64 €,Clothing,bvc3Gu4WGw3LXTuLXKbnaLhJVqaRDGxA90wkAg1LL4AsnVOu6P
P0290,11.72 €,Home & Kitchen,wCGtEmuq0AaoAEMp0hudAGtiMzoksOxqIHFx4RzWUBND4Zk7rZ
P0291,25.18 €,Clothing,ShhnWnbKw531eeDy60HfbSBoiSLcLCEToff8RhTT1tMBHVtAlr
P0292,39.12 €,Home & Kitchen,MILpRlrxYrd9Kz1znYLYl3ol7nf2y5juBlYaNKhxnWEr0jJuA4
P0293,92.58 €,Home & Kitchen,6fHtiy4XmxH54WQriNL8Lqz3MoQqWezuZA1SUVj7bKFD1eArV2
P0294,94.50 €,Books,38ox3nsRIue7ayNJvsCfpXR7VAAQl4TveqVnz2iI2eMoI9KKDH
P0295,57.19 €,Sports & Outdoors,e2Flj4BnO6xPkJOZSCW62aP1QnqTaRQez4iXOCqdGcQrvg3xVg
P0296,97.88 €,Books,wp65bVKVVpigf4eMQyWpFlUTfL54eP5lJnokYd2ixEpstuGnp3
P0297,76.89 €,Sports & Outdoors,8NZuS9I6XqpMEbSWGf9zLh5pflcYEghjqwypyeXhQ8WZ65kmWi
P0298,72.53 €,Electronics,Kibc0P34wpenaW4FtgisBWP3P9bdXRbrZW9xUS2xfakf5zEXqw
P0299,56.19 €,Electronics,XxhB90sUmZy5PXFCInzgUETQsgnZU6wSP2ImJxRiqn4GqlmAWZ
P0300,5.98 €,Electronics,3lFU614OxNmvd8mO97o6I7xCQ9ifHrgbfyIeK2vDvPnxTQUYv9
P0301,50.07 €,Books,f55h9qY7lLgIH6R8IaT4vFQq18pBs0DLWUlz4L3vfpoL1ypje6
P0302,41.26 €,Home & Kitchen,uK4TqHo2aHhUcGK1OsJr1eymgFZaeGlmpKvK4K1GzjrLtDxG2e
P0303,72.57 €,Home & Kitchen,RYhIse1cCROfnx3UODndVWxI2iQPChHPU1rBLlsH8amHP0RKpA
P0304,58.10 €,Books,OIGsnsmAkGkiHbE9TGCtNRdEXdUuOBGea55lRT88U1dATO2kFg
P0305,55.13 €,Books,nKoIczlwAXWLN18f19aIzHdRzTedS9IhQ1IGDNKz6QRHdTF92P
P0306,90.07 €,Books,XQiXhvJQ8jr8OeSyDubite0vkmLKOSGIJQ5VHReq7iLqQ3mMhY
P0307,22.60 €,Clothing,3xTOqUESd3Qp23tayHPapw8KDAMV05UJO6eCdTiysnXK8o0TuY
P0308,6.81 €,Sports & Outdoors,EdJpuXEbg0rOmeW0WKu8OtPPJT1YeH8uQvIexVYvZRM7SoVlf7
P0309,25.23 €,Electronics,c0W6vHt6e9nHgqNw5vucmNdYf1zpYH5SmmapAgJsMofxkzaNDr
P0310,9.34 €,Sports & Outdoors,TIKKoHxVQxdgItOwoswGYYgh48S1BSbaPzl90odVaiRreLtohv
P0311,52.23 €,Sports & Outdoors,CvvJdGpq2VcDaCUIthPNIkqZnWZawtRDDFiJuJXghEWrmINHv8
P0312,2.69 €,Electronics,DzlVueqZkoybZo9xrkDFfR100grD4PnVP4mX9Ie2mAdermnMxV
P0313,87.95 €,Clothing,qA8QUftcx0oZRzZP2MZIGVpCKmWs0EbvvhtVe8F4PwwsN9FJC8
P0314,65.29 €,Home & Kitchen,ePTwAqX9xI3Jc4UK06jKr3If4oQlYJTDyGEkbVMzIZN4xryjb9
P0315,12.45 €,Books,A7PtqYPRb7JkY8oqomD29K0M6iwKXaECLs3ZrE4VeNL5wGvJZp
P0316,18.64 €,Electronics,f90aWNVbwWtEhSQHgyNyImwSiBBIXINXeMBMpSeuZBclRQ532c
P0317,59.08 €,Clothing,Y3tebDC7suCMp9XP0gEKQIOMRHMpFhf7z6kr2s6Fkmhny39Iql
P0318,70.51 €,Books,czQOfFXu7Aj69eEPaIfvbYOpDhwMMxKNc6DyDMKUCdSg76npOo
P0319,27.42 €,Home & Kitchen,vD466srKoIHmPyreGCvwwU5ccMwAatn2a9X6mKFOurmIL5nbUt
P0320,3.63 €,Sports & Outdoors,fHA2mJPNTJx77LEe9Dhb353Bq2H1jcCFmL0LAHrtXkZkfDWpef
P0321,5.21 €,Home & Kitchen,WTEBDGBbEMgY5hDgdM3mOft8PjeZxtMDiEcCXzTDJGw034Xjrg
P0322,62.52 €,Electronics,xrGdNIhR3Q4m3BM3mZWciouxBtqFN167ECU2eq9cLEGauyQHKI
P0323,63.62 €,Clothing,sgXdt5TGjWk4eQ7B5gszAXtwzNEKcgEzLKzOFIeg9Ny51S9RnH
P0324,68.43 €,Home & Kitchen,1zjqBpqxFnlgDDLZwdS0yKyik9V65PmR3K2WUvEdFPRWVXGdvY
P0325,7.16 €,Home & Kitchen,cN4sw0SuLgrlDpBDhcnjsAKWqdpONrTsm3EG03WPe4m0662LuP
P0326,9.05 €,Sports & Outdoors,xU9bxUED5SymKvgrwntQ1pnfB6OJNGIEvQajDrG6psOA5uyHSD
P0327,11.00 €,Books,43pqnPUFdz8jK0cBnA5yIJCLkMVLRTyuqdFW2absk4d9S3iQIp
P0328,22.41 €,Home & Kitchen,VvB7G5SSF91U9ZAscOtxsxJOqMsa3HOEqRgXYzYKPfnqEFcWKw
P0329,15.77 €,Electronics,C5I5gOxfx8szfhSAQCi5UlJWxn8HiUIvLwhuIvbkdn8U196CGc
P0330,83.46 €,Sports & Outdoors,Bbh9Fq5cI2yZGtO1i23vZwIPF4RNg0ZbVuDVH41Bd5gC6acUI6
P0331,85.48 €,Home & Kitchen,KbLTzjGriTWSrT8XhHPltdmHDHXElerfSQwCDFexBRImYOHvOr
P0332,13.13 €,Clothing,cjkc30JgsAoUOnevNE6RqE9tGQcrrvw5ghk4ky6UNgT6PALcrF
P0333,35.90 €,Home & Kitchen,Epw5u6mMtwr8nKSaN9LWvQ0cHqMgnjoNHoy4NS9rc5aI0Nbm0c
P0334,19.83 €,Books,1sJ0AdktAcqDl80nzumuqElt5WlZC0R8SffZmscAUuSjYkb5tk
P0335,76.12 €,Clothing,8h7tp1bITF4neEPVOUiBL3VpWLhPYmKyrZ1V2Mm8Wz5jGURDun
P0336,39.91 €,Electronics,RNyX4ZO4vC3AdnyYKALRekQ0aT9U4KRg4z6TJ4frasnA4n8E0V
P0337,14.48 €,Sports & Outdoors,U5Wkqlg4KXaq2BYXBbUxbz8Xdk4F0cTdASCJtAwUdeXc8cdqBq
P0338,35.56 €,Electronics,F2Q7qMxfhdaGeWBTgZc9dnNR1dc1fFG9Hi4anWW6AzsZ5GraFK
P0339,41.15 €,Home & Kitchen,IFeqMZEvwePQRZC0IqudFIQiL1skruM4L0mie3Vx6IySaowCSH
P0340,16.06 €,Sports & Outdoors,L8KriYgL2D1P7aSKNCWYoC21fJ8RSLJuQoE68tGnNJzPaCYDsT
P0341,80.66 €,Clothing,h3QH8gAOZ7AynqX3UL3YNzJKEjTmUHVCauvYxH1wmnSOL47jd0
P0342,84.67 €,Clothing,H7EjeEVkvn6qaiSMMr7dOtNorCeIxz9KUCtKnzoPeWWwcD28QZ
P0343,2.28 €,Electronics,90tIG8GoIyPhfYbG4FPFcSsaFy8RmEgtaMwFef28z2ZRSvnB8h
P0344,76.41 €,Books,sr8LDjYsFqUJgGrbaa7a4JCan7Stsxc5gjWmqorDKO6vvfZOlj
P0345,72.61 €,Books,bwfyEG85fv3Itq0UwdW3xI8LLAgJ8XV5xYTT9Cn3EdzWhBcNA1
P0346,54.33 €,Home & Kitchen,LdwDxgbvRQegm1Hg5uNFDSIxvkVz8gC9Tof1GJKzAHgXqKwuvY
P0347,21.66 €,Sports & Outdoors,KUFyDw86NyVRz3ZXjbEc8ncc1ZKdur4JdHmYJhYx8AsJw6xKmD
P0348,84.12 €,Electronics,aU9B5z4w004RcA9fQ91prjn2JsjWJJmFHZXxgpHSfDAqSHyuSO
P0349,29.00 €,Books,OfbvYTwoZzJetGXf1nFbBxl61vL1HCM53yLBdClDqninGx86Z9
P0350,70.71 €,Books,Afbw27vrAt8RfYEZjz9ozE12GCsLveUjjhcql88D2DmQqumaHf
P0351,3.03 €,Clothing,NZabetbipg0QB9Drb9JR5r6U9xmk8zePMvZuSqSuoY99CA5xFb
P0352,47.86 €,Home & Kitchen,Nq4PgL4q9AKJ6fUcHUXjEoseORbbAMBCMUcW693qb6ERPRnJKr
P0353,42.02 €,Books,ZoftuEBFM7AHgKMEVtsTrM7juaOd40TVOI9ifrbNvZp3zB87XY
P0354,4.58 €,Sports & Outdoors,ZSWengNxCOHZzQDvStmx6VUy3xEIIZlQPpSEvkM5TexrpHKIUF
P0355,94.87 €,Electronics,yemNb91FWElaVGDR4Gp4rgOpOQekLbn0HOOoiat1ZnHOaMPZOi
P0356,34.16 €,Electronics,ihL870d0q65CdUq87AZb1RZP8EZ2L9NowlBqY3dImlbEvvq5B6
P0357,69.43 €,Home & Kitchen,9oc3HJQgTM6YYJxsiZFsvnR8BvEaB4ZlMAu7WV0K656KWU6K5A
P0358,95.16 €,Sports & Outdoors,kVwkxsRVAdVE8GMLkPtmCHu9pCOiOVbop3cRbMCgN8T8pHnwNs
P0359,25.54 €,Electronics,Bafc8Q0Bs6ZGEE0gQMxp2HViPWbMydK0gDL1lmzXAjgEllhL47
P0360,59.97 €,Sports & Outdoors,AE7GLm32RWH4muzFIakXaNl6fR0BfkKE4S1z9ywqsgRurMg1aC
P0361,31.72 €,Home & Kitchen,ZMmesI2UYMNaOjrLoBi2VeQxdTBgfA8o0cG9QG1ZogNdnB3Fko
P0362,24.74 €,Sports & Outdoors,EZ9mz0aG6zLhGEXBO6Nro22XBH7YedYZgRK0hG2A2gszPXa8g6
P0363,3.73 €,Home & Kitchen,F6TtFNnRZ7JOe9pBVsRtpv3smNnBkhDujSrIm5VPAmiRxQzx0z
P0364,29.75 €,Electronics,QtkzxyhoEYcSYDxOVAq1ONvcbGJYK1MMyjlOSk7y0g3zvO1uif
P0365,41.28 €,Home & Kitchen,ymm8BKz96lFwHq8C0KcHjgHQYFzyMQEQ3eQHJUdCtACoPdkXsU
P0366,3.28 €,Electronics,IP1GYe2iS5JM4ClMz1DYIhnqabTGvfmFawku6IBZujGgyglcOQ
P0367,44.24 €,Books,XGmZihCaJlwfVeXmRBungloANDJeMw4XEkKHpMJCioeqSGdjFK
P0368,36.09 €,Clothing,rqUygg2ax02119Amwmm1GFxaZpVIf6thvMk7UgpoNZ7GDZISoy
P0369,37.61 €,Sports & Outdoors,Qm152fPWqJcle3IJyALnEsifW1WiYV0YzlT93L6LlyWW3f5Pmr
P0370,66.91 €,Home & Kitchen,o6yBltcKAJ0zBBQ9uYDTI3XkSsfpqptguX7BKxLisosJ3MotDO
P0371,11.24 €,Books,zSV3Y2KgxrkyImEg6zvnBLJYIIcx37ZdRB0PdhYFyb3FV1QY6B
P0372,89.13 €,Clothing,c9FV0DmX8x3Rr825iE7ldVq4mM8aW49rgkwgRv5GcPpIji2ymu
P0373,95.81 €,Electronics,1VNUbcDk2e1sBXHN4m3MDXN4DlpmxUVswxgeZChaJviGfio0we
P0374,79.53 €,Clothing,U4EZCxG7FqzKCngi79apAsKgHGbarqEa51YFk4ObQvvN0DDHpy
P0375,50.27 €,Home & Kitchen,L476PGmo2U4Tezv3svHhCXFmhXXrE8WvRYKbC8G3CO862PqLuy
P0376,32.75 €,Clothing,HIM4XNoo4noOBw0tW8SjZ4BPpunnQehoU1lHu9HAhNgjttJqHu
P0377,37.04 €,Sports & Outdoors,YPyeJJIGCWNVMAZjlu3dj59n2IE0993HqB9qYsVgXFCvSu5SCI
P0378,24.61 €,Home & Kitchen,CBVdTTBFHxEZFOhPMYkyfOwdbz2ZiLHRa6ufeU9gUnIBKhowib
P0379,41.96 €,Electronics,X8eHd85P4Iq8nM29NoxGGtarW8NqsclIvKxLYqfRyDgsqFCtz2
P0380,63.35 €,Books,cUvULCh97mW30FELOF5oPEIZkRpmbhEFDB0fogQUDppxBuySD6
P0381,17.28 €,Home & Kitchen,hWNjWY7eNCUO62iSB2CGm2nkOpxnRlMVTCwK40lJNdJY2i4Xl2
P0382,66.09 €,Clothing,VeASkY8AP8IehYLj3QZQLQrH7ytgoyoXQqLC3icQfEod0tJxq7
P0383,20.12 €,Electronics,hW6DrTFZenvrqJJxckYLXEFxuJWlTnhbNdx4tA4SLdpoWLaKYO
P0384,85.37 €,Home & Kitchen,vWmjV7xGWwyaHI4hWpE62uKGYoWbTtNHs2QhgH0lj5boewAE9U
P0385,33.97 €,Clothing,6yNY2c4Km7UC68MaTYC49Q7h896T6jIE5ZsnyNOX9nF0go2Hi0
P0386,34.01 €,Sports & Outdoors,fffoTcHR7o2JOgyfXoTRVFL7g4SxfVJ3OUNvf5CroVQZQVMM9P
P0387,81.87 €,Sports & Outdoors,fjogN04NvI5f8dTitKVhGWS8uXtzbk2JVHbyCAouJD9HDzWGJo
P0388,55.68 €,Home & Kitchen,pWfy0gos00PX6DmAnKfZjocjE85h8SFHOytpvFiIloWtoLa0xw
P0389,83.70 €,Sports & Outdoors,StCj50ynQbkZcCCobLXpssmU7Dvsfv9Wp3AAMremNDuM9NtKsz
P0390,29.29 €,Sports & Outdoors,K3geBVMSd5due51PirlK6QouIlZ2aDBh16ZMYtJuWxPGmROqrm
P0391,94.97 €,Books,zrzNKdtxvRcHZO5XQgE2pahFA5n5j6lxszMA1EgI7RGyKOc8Lz
P0392,8.62 €,Books,2acDHSvOWSzrvYanJiHFAuHayC2T8KUSBrcarC6YoLBeL3UoIe
P0393,15.93 €,Home & Kitchen,UflslO0N1TGdoDorGKeMyEiNtlbLSwkEGHPkwBOyEV2FtpWFNg
P0394,25.31 €,Sports & Outdoors,38PuySRBWLupdMiIHgHeWUDQ16hlQF0MaOKsxc3b0qRElEdOaZ
P0395,56.02 €,Clothing,dXmUmqQgdd8o2aEJ8gMYHuO5kFokJKdmoCFLWu6hOEEozMvAp1
P0396,34.71 €,Clothing,M3rDdobIARlYJ39y4CvvXTK1LgjNzrDUuYo99AnSRb2Pd56vxF
P0397,25.98 €,Clothing,Lzs0mBhM0BAJBylQfyeRzHMMfc1FS1aW0F5Xk7iyuby7NHQ8SE
P0398,28.44 €,Electronics,9jTAWkdsulbBc6Le1ejKhZt0h1hgDa4y1EjaxRit4Nf8LS21eL
P0399,48.15 €,Books,rhtDGzWbQsZcXZLNe4oO2dHrFJbQFSuOKo7gHWUCNvCbeZD0Px
P0400,99.71 €,Books,pHUqSKeztP8MasljuINviuxvn4aECpdNEjx5gtFnHgeDcBxjPR
P0401,80.48 €,Sports & Outdoors,IQ93Ko9b4pz2QeNpjHY0ns0ervgmdBeLfIe4q9mIcC3MCf3qVe
P0402,41.18 €,Books,1NNw65Quu78OkBLoCkJdXGtDms4wcQOwlDs8sT9yKw23XTxQ9K
P0403,65.66 €,Clothing,fQO9HK6AOoobwjDBis1OpKr0s9s491XdRVyrJ1nQkzPjUvByBW
P0404,74.03 €,Clothing,ep9z6qfAvrLFvTuRfUSj2K7cAab9lJDFOMWpcKYsZ2N1eRQ5Dk
P0405,80.58 €,Sports & Outdoors,eN86pkrNLr4wkGss0UjpSAaUYpEWEINbK0XKlgdBbf4kgJzAAF
P0406,95.75 €,Books,jOg9gbAJgLqNkpEIxyZIt0uivxqrVTruaTBuiMrjVI29ZUSofH
P0407,82.39 €,Books,qrSKVLK3vkbte6oxfOeEQmSLiqoThRBr71PTfEkSyQHCW3IWSk
P0408,24.68 €,Books,FvaoBrvz8tCrvpcW34UWERrw1Ofm79ELqE5pWAQ4i2vUk4CnyJ
P0409,99.18 €,Clothing,PULFSAj7Kg6AiBpxE3bDzfYzmyoAaUFAcUw3Dbov4Bv8oDOiwh
P0410,75.18 €,Clothing,NlKoNbQ3WjS7UpkkLQlXqJcAAXfTfDRy2wGjsECsvsdl0kU2Hn
P0411,72.27 €,Home & Kitchen,vO9Gascwe0oTOg9aakrJQD1wpa3NoXc7QRQpr5hWWd7DSzHalB
P0412,80.08 €,Electronics,tAMCR6OUFWHcaqOtitaSVF1ejmW8zmO6KrEnecsKDMVhmbPBy0
P0413,96.13 €,Home & Kitchen,vVLwkc0nDeo0eCJVMyhYwLBQp8oTZkEdzQ2CGQhdfi7B42ywVK
P0414,48.65 €,Clothing,Gb5bC2IupKFA7cPhudLP808t1Y3QUqkwqD3ZdcVy1A7qcRvCm5
P0415,93.05 €,Books,TGYxcw7gwseab7rRK3zdUvrmlnFyP26g8t2iG8WwCqdANJSWua
P0416,48.41 €,Sports & Outdoors,W1DU8UchLTK0CuYiNESCn1VEzNib48KzmV2Qphl56ZDaCvz0N5
P0417,60.69 €,Books,EmQk26vUd7mOMAKQHwUVk1Qm4rwUZC1vHOBk9pqI565P7vMbNR
P0418,33.56 €,Electronics,7VYnzan7o6pRFCkjCp4CXWljfbrNIcZrWwowK9fKY2jsXpJrZb
P0419,78.33 €,Sports & Outdoors,9cbzRZdsoUADyO1xAiGoaJequ9wz00FOeLVP58PWouFA1rezth
P0420,5.96 €,Books,WY0QLHf7IJEagEWw9PeECtxmxfsuIJowpm7h7ks1dat5K1qyu5
P0421,10.38 €,Books,8YdTEz9VSL3Jvp9BCthxx0FejhFjk3xSOCVhtMhTEiuixHaEYG
P0422,53.22 €,Electronics,i9x3XhkZkt38gy9TjXh7GFh12rdR76W1k6Xvam97npWp1szrBX
P0423,63.91 €,Electronics,jQR6Fd4uFuaw0xqlyIjooq6WdQBCUQX72NaVRajJ0XOcOhnfmH
P0424,88.54 €,Books,T1Two9bgepx4WoO98rf3GATtWzOIRS0Stzb7ekQLdSQ8D8NM89
P0425,29.94 €,Clothing,0FXtPtVlcEMQdABh4eg5mMi9mXJAcpRD0O2s1cTv3cpNRvaWYD
P0426,55.63 €,Electronics,aiK5iNl6oi5VktIIWD42bECYuU8wMjcX4ZodxdhLhB5BLdHtAj
P0427,16.01 €,Clothing,KdsBETJKuqb8WwjcsxZmGLB0JLWj9aYIyqWqUcha8e47pmbDyo
P0428,41.16 €,Clothing,V6BMT2Ahc4rejmBDqjuqMmhHlAJfGrMaJpt48N5a9ftXjvzjLQ
P0429,21.01 €,Clothing,pPdmNEHBCvPyMKkxWSQnrIwIgj1xZmAnBR3wy3pw591UknpeBQ
P0430,56.15 €,Clothing,1qi60qCe9oxdvbElk3TcWie8NMWy6rBbNfwv0mKHf4R51XFClZ
P0431,3.70 €,Books,ufvcSDwboM6EkvyV3hO8Ne25JPJCihOnhBDMugwU7SJlUtWNCe
P0432,60.41 €,Books,JzhpqKlsdNKbwy5gThmt7mxWI1bOLIwgPsb56micdFyP7D0MCk
P0433,20.29 €,Books,a32oNWzEZgJqC0ArXl1lmTREoZOlZ2AC9N8vSWyfRmvyPBp33q
P0434,70.52 €,Clothing,wcK3tVDpAv0p8vvW4GNPVyaYjpEs0FyrVRyEeNktmSviY15V3D
P0435,78.67 €,Electronics,fnNnrnSHKI22rmwIgFwfmmrsNWNttogVkj2Q2iZQm1qnpi6zWD
P0436,98.19 €,Electronics,KwzKpkjRXfbiZTNgg3DZJ0BhUrwJuPJxRmmpizAHestURakuSa
P0437,20.01 €,Books,dlawuHSzPa2lQA8BSQ6rU7UaoqHGWByILh60C7AIimhMbx3Ajc
P0438,22.87 €,Sports & Outdoors,WNsGrplKnR00Ww9e9WCjf7dr7nRS9sTRjyQPTOyzFChcWxj6V8
P0439,33.18 €,Books,Qo26qcUPGj6Sim4Kf1SQJntKkJg6vtQRcH1IlrWT1eWhyWLepX
P0440,57.13 €,Clothing,NVnJWaQfVt5JhyQshzyz20giZVZlmG0SZChs3dS65R5o8iD48Y
P0441,90.58 €,Home & Kitchen,YIENNMKfvyIl4v7N5OFWyDxj4Bw1Pl3QHYljuyyKgjjTFN8SUH
P0442,66.37 €,Books,JXWL7YF9q2CnqIjLeHkF0DLFMIfaNzPGwgZdjihw8RPXLyCqKc
P0443,99.72 €,Clothing,EKmPtquqdfUAuTp0MpjyXcRbW1xfnf53NdVb7uhBGlXMsmOFD8
P0444,27.24 €,Clothing,cSInEIhf1ZFlhURUrPOCk7ms6jBOqJ4uZmZtnrrm1IXrz42mZN
P0445,58.91 €,Books,DFIkrVpCfqdO4DjjaOq7nXguZLE5VhgYsjlQVe4yVoXoBnOkS3
P0446,69.51 €,Clothing,zwMZrAoSi7UxK6ThFmJspozE5jPQwmMxdgyYALbtuvu1OD1oPS
P0447,41.05 €,Home & Kitchen,aog3VM80XhuWFxxnHlunxxxdMZODrrfgxdcwIFoDopmbaxw3HD
P0448,19.21 €,Books,XxlK1voLs34Zwxg3A89oejoxg2fbqseUAEzEjAfy8XjJBERcf0
P0449,42.11 €,Books,5daaYkngrgRwa4Rq4pyGQW8nqKm2UoUStle0yDiissxHseaLNJ
P0450,60.02 €,Electronics,am3qxCcAKLdvR31yg8TLKGF4GYXoNe16XPOGiwf5YNRbate2ra
P0451,20.67 €,Sports & Outdoors,MjV0GHVH5iCZWqRoIRwmkUtILdumGnAijXJWjuvfdkPtoKI21H
P0452,17.81 €,Home & Kitchen,5H7tQDFwxQFNy2HURGZrPFYAqcinzta2laUQErtHMRgTw5HIJO
P0453,54.34 €,Clothing,4mCcTL91e3bHOj9UX4T3eZcfLv8nQlneYjWvNt80llQhOvcNz2
P0454,61.21 €,Electronics,hAnpbPByzPZBNufOgWqADveYJ2PzzcfQFYCIdeUmpZYONznhNn
P0455,85.78 €,Sports & Outdoors,Zpke32fe3eyzTF9F5RhGyu2TZAG2fNZfLaYeGM683w0sBOkiDL
P0456,43.80 €,Sports & Outdoors,Y6zgdgNy54eZaDqcg5n089wksjTGcnJV9ExMRHi7uPBNoItmT5
P0457,4.31 €,Electronics,D5RsSPt3tWiAZ8F4SFWoxvTTCnNcUZxxK2grnG63UR2VzYpdmu
P0458,11.85 €,Home & Kitchen,x3VDQBk44daLonOlEL8DhjO8qad3cqKeudgHYLjxOHgclgApVU
P0459,7.52 €,Electronics,AMZJ8eMXPL6iTtBHRq9IjNnZDWAkoIueqgotFhidAWm2I6VxtZ
P0460,77.56 €,Electronics,5Oqf4N7U8l7wN1YJhZuJBN0yCV5x8K18T2bhJLV9BxvcKTkWB2
P0461,41.78 €,Sports & Outdoors,9y0QpoPcRxEREClrozLRR3nMoGEJPzmwO5klfDiFLmJuuZXILw
P0462,1.26 €,Books,0qPyzOBFfd3oKM4MHgu0P10A4ZLqyLyKPzLZPrUQWrmO6T59Kz
P0463,93.56 €,Sports & Outdoors,PyFa7NSk2cHMBrz3Kkca01Bs5WRFB2uwxJSz4sxLsFM9iwAmw4
P0464,21.68 €,Home & Kitchen,oc44bIaKhjdYNwWM9FHF8fwad6hdDUzape5il6PfkSsYqK2Azr
P0465,38.94 €,Electronics,IFQl2oaNI99vUxfCveVpq8skuWlXIjp4DgjWCx0Ue73SOOFqFl
P0466,65.80 €,Electronics,0jE4j9kBfHodQHTvknbQsDB9LjZfdZqRQoccIzt6XXp2aHvs9G
P0467,69.24 €,Clothing,nre33dDe6N8Ftz4BQ0a3JanzLgdtNJdCX5O4W7NfPCSpLHKOu4
P0468,10.20 €,Clothing,rmLuXIjdfZRGvOKdH6BExlDvRPuRyehrfBq0yX6JZ0i8dZy1Ld
P0469,51.79 €,Sports & Outdoors,e1ASJHip3QC46dBfsJK10QECLrmd6rN9wBvsFNB0v0BHA9w6Yk
P0470,74.57 €,Electronics,TR4haVAYAowWtE8D2gTL6L7KVCaQfVbmM5m9wOjyt9qlMcZOyP
P0471,66.05 €,Sports & Outdoors,4nJCDuRAyl2GaUIGlwogoR5iBHGf9PzUynF0P6QXM6GMSnmva1
P0472,29.54 €,Books,NzPmANy4ubr5g9vuSjvB1MlwMPRp12FbdBv8kXVbpetmPi7YDL
P0473,46.14 €,Clothing,U8riO35bLGa8SJGScgLH5gQ4eV3ncRa4sDomvgdjf1PsvUMDFn
P0474,1.82 €,Home & Kitchen,HEvJfCXLf8TCNrBn5pY7gJRAFOZHwmA1NB4NAPaCtSxUyyldN5
P0475,72.61 €,Sports & Outdoors,6UBaIxbOTmnJAzzpDLW9ucARCikXGB7t2DS8V1vLWoezMEGZXg
P0476,16.45 €,Books,TU1N8jdKgH8eXpnveV5O8NYADuKyPx4uVEAyTNkv3o47YYB7A7
P0477,41.00 €,Sports & Outdoors,DhJlESK7q4y45giKSy7nH72FI5LdH0JSogEfOGsnss0kk8X00x
P0478,85.45 €,Electronics,Gv3tIxJVzTqgOFm0ifX83YszqEEe1ZNjrJkXryWkX4xo84uMhz
P0479,11.40 €,Clothing,6Bw9ZWpHQSOZyGZn5U2PBJqpcQb8JTi4V0lbQNbpwH8c3EGYoR
P0480,34.05 €,Books,gv0ZBkGvP383Cc7sKOMVOwc2cAY3Np93McST3rZBLl0IsNMfd7
P0481,76.44 €,Clothing,ot82eKCTTJeVBRPIpAtamTYESnzagsvuPXjbShTuMCvfDphdGQ
P0482,72.12 €,Books,LZiEJQyow0T82dyuOVT4VhISUjLuwj2CRIxp4JqSpIhjWvucjv
P0483,77.83 €,Home & Kitchen,jflLzAkMBvyatpYaNHJ4KOxbh4t93TJXEEGevQsO1yZGD8SSfq
P0484,5.69 €,Home & Kitchen,sPs6f1o4VrhaBPt757FEMMnABaNbUlBvAxxqFlhZmcD2tXfTnM
P0485,1.32 €,Home & Kitchen,gRuzOjE2h0YyfT7ZBO4Au9pADulWWL9WziCE8pUrAIsum3uAvs
P0486,50.06 €,Home & Kitchen,sF5jAUvrPuHSCKCyH1ciYdthJhBYTV5SsRqd2rYYbVHwnevaDA
P0487,56.98 €,Sports & Outdoors,RRae3vjyWPcFndJhx0omMkBsZ0CT0hl9HW5TgchU0LcvDtEuT6
P0488,43.96 €,Books,mjoPGCnJ0lGNMB74JD4Rh5jxIzt0KSFK8ViIEcITNlff6LEOez
P0489,21.88 €,Sports & Outdoors,0NkLNhYMR9S39PUFxHk5SVpswOaZ2O3rnqcaFMJ67PrZX35en8
P0490,63.08 €,Books,e99sFNTvO1Y418sJzybjPxWTRMtc3ZwIaAEMygiYv3RdQva4TD
P0491,47.16 €,Clothing,uAbniY12AoxmdW2aVKOhsL61JwRLBMDquNbXjrOS1UvhDonZnB
P0492,27.25 €,Sports & Outdoors,J3Z0RFBl6uewGRfYx2zfNhyTh1MAVXqJNi8YuvNJAVQE2QK50B
P0493,61.32 €,Sports & Outdoors,tyjqZFLD5npYeLF0TiOQFs5ujB0cCc3kFu5oQbwHY9ruL8hReo
P0494,8.46 €,Sports & Outdoors,XNYzTeiOeZB6dl8kMbROvkjqibxFa2o7cdApfHNtwkakxSELPB
P0495,86.92 €,Clothing,23mRp9L0inqjSSW2oBdztSmSvDWcOTxRCxvQIAJ3IZyFUTQTb2
P0496,60.40 €,Clothing,Rr2fU3MOQNxxcFeSmk6sQAkCVtqNkjUCzn02LybfiXaj3jG3wH
P0497,35.18 €,Electronics,eoOQDA8m0xo4OYqZ2guELSYc0PqyZcZQukLrzQNNz3v6Ir51bv
P0498,15.86 €,Home & Kitchen,2ITgb3ygP6YG0J4EbtiKJxMGHll2uN4Uh58yahvZCEgV2OYQLs
P0499,36.73 €,Clothing,BXhtIGegdsEhB7NHxB4lsyk4Gdk6kVmEca1hN3OEuIHsihTf6l
P0500,75.57 €,Home & Kitchen,9mqT0W9pQOJzrqr0QlBY6QzDzHRs837FxfmblWvKxQtm7onO5h
P0501,36.91 €,Sports & Outdoors,19VH1i3UTBNsYPADMWI1JPG8gzCoOjuJe2MQ76MZXYPBWSCmWp
P0502,30.26 €,Home & Kitchen,mfj28HLGXO0y5X90SCN3zQQiG2QlHrCH4dwBMyPZldCusoyUUb
P0503,28.99 €,Electronics,RZSmZHeV1TMZb10dgsrRdvwwpHP5RUUvVUpsxdTY2x87qPs2qt
P0504,36.65 €,Clothing,f7VJ76SKHQZe2HaNBs3rmzeKt5hhqZFWLwxbEF60jlMIiELTT7
P0505,9.50 €,Home & Kitchen,w0hV753hgWDXh9DYpWpWwyfAmxJLSWhwtsoUNzhId2yr7VqL5g
P0506,49.72 €,Sports & Outdoors,AuBKoBDhnAknqgCe5oF6z9NlKvtTa3VnAqcxbm55p2uCvuGHBA
P0507,12.51 €,Electronics,8yRRfOJYrMSLrscPpAt1fI0BYWhev9PalGP7vVQmOxKlxe2P8u
P0508,73.52 €,Sports & Outdoors,j6x6iNdO0n3kQWkjls5zFUerwDLLKTgwfS7dqstvren1Vgy3tg
P0509,60.72 €,Clothing,7haCnf1NkJ6praf1Tx62jNwbKRrOdRuVC0uzzZC6iB2ggziB1L
P0510,42.90 €,Clothing,XyVxj2vAOmWrXGdGD5cvpLlltwtcC3rHXWw5IYDEgNLMopbKSI
P0511,81.85 €,Home & Kitchen,FaYC923ceDEbwmscrF2OZiski2OZotEXkpksr9Q82AW9HfLigr
P0512,46.28 €,Sports & Outdoors,7nNbig9gWRmUMIADLyguWNSB5RgEAMXQy6co9ZKTxim8pezDJR
P0513,23.77 €,Home & Kitchen,zBPQZWOeGtFLJWT61MFIF1jXcXF1D1P7OaGZoB4XfE5XyLIiVs
P0514,23.68 €,Home & Kitchen,pNDiOq9kj83xuYE0D8tVjqLTGkhsR0FHsISSwiawJq1HaNB4NQ
P0515,80.71 €,Electronics,dDgELq51yRKcVUzXyCthYtzCifqJhpeqYy7sWxQoep7M5O37EA
P0516,23.73 €,Sports & Outdoors,pLuNMZQto7IJbmhrS2jID1MGyBg87XxXPlCgnpbbdRFnTtx1Mn
P0517,52.97 €,Home & Kitchen,AzXPFQuWivRFbgYj0Z02MzDxoKy1EoLx5wZMNydlaucILxQCYn
P0518,75.91 €,Clothing,smYjLdJANitEQh8CoifutzFs8OUsvUKkv3PxtjLksRChijBPSw
P0519,3.45 €,Home & Kitchen,SJLZoytHukM4wEUFnJ19dlpySgkOpcOuivDnZHidymBY8ZcuNb
P0520,88.90 €,Clothing,HZLf5XYhafPWYMSaaus6mHhgEDWWufcYUBnJEQa5BFOtLMwSaM
P0521,20.31 €,Home & Kitchen,mEZdfBKsFU1k4ZiOc6gW9eniAlNFM3UNqLOEmZtYxY36WU0u08
P0522,31.71 €,Electronics,7ssADqDbM8yAgSrU8NuFkS9Mi9eEiMGpH5ixyfnib6w8V7pbLT
P0523,59.92 €,Clothing,yk3xacLJpAC4Ey9xdYRUF0zJYONAPYjG1zgh9xpm0rHKzdgJXy
P0524,19.23 €,Electronics,yTUhfpCbF18KbbfkNWiWZEEs2mpIrLwepdKbZmfYWkvkSdMrEY
P0525,73.64 €,Books,FAN6dglHuksytkVCyVuiirT2jp5P3Me1ovVIwyARy0Sg9vHZNp
P0526,24.26 €,Electronics,mO1OtNneFrMPAaG5DcDfSgE7vMDmmEcVwnwTHuNU14sr9JbZi6
P0527,88.27 €,Clothing,pACf5glxc43RNCq5qj3VYXdpB3uBJduR2xzuC4ZlWqOVBPFDxo
P0528,98.65 €,Home & Kitchen,JxCSATOnqxNcHBAiOqTsRplo0qaQEH8Yb9D5YrhtRFSKwwTClX
P0529,59.82 €,Electronics,C5PUiNGE8DO0v5kXnNMsfmVScgW4j9tuxczbo8haNN9MtByH41
P0530,51.29 €,Home & Kitchen,Z8eatJfPIdYuB2XmqnmHjuUC2E2MINYw13gXj8g4qHqvEfp75w
P0531,53.56 €,Books,yWgzmplzQ0g2klXiRg6XzXymhuFOdDibmtjZ1w8TdwjRqW6SEJ
P0532,46.07 €,Clothing,TztFb2Y3zLtYvjHbCKEAD9XQe1ccXwkxyPX6TryMBfXAHNSweO
P0533,21.09 €,Home & Kitchen,V8TlUJVI5Hb9zwsRNwrjEB2mbsVb9uhDzPBrIJ8rwROMzYi8EO
P0534,78.95 €,Clothing,e0gA09Ibc0rE4AcVLamfVzfpQa4N9S18gY1I8nIaaPLNolL9ud
P0535,7.72 €,Clothing,fDHUbeTGFMnjs9CtZdGfWPzVYJOoBdmMyVz8Cf1XosBeWBCTLw
P0536,84.88 €,Home & Kitchen,ts4iVfWpV0PqBkzpBybOeHPWgo80jxOdLU5gfWCdXS0wvXE70t
P0537,89.54 €,Sports & Outdoors,CzT2ZAIIEecy60dw0AiA0Prw1UWkESz4WRkiBmPbwzD6ffGY20
P0538,4.89 €,Sports & Outdoors,TMtTcBNZxWc5TsovDdoHlBHnGXQg59qu8aWVuO6T3SIV5lrU8s
P0539,17.05 €,Sports & Outdoors,7ROePfTP8Oq0M4jRJ1SHPB46GCY78eWY6siKX6Na7hb4MsaUIA
P0540,47.95 €,Clothing,w9InCZ8OgGO5AKT5RVq2ZsWwzPRRKEH5PuCXOnGtEPUVYO07G4
P0541,25.29 €,Books,CPYyaI5j8DmrToImWkMKLbEVGXOEyU277iGW1BOIAQHJztDDqp
P0542,46.12 €,Home & Kitchen,LyFP6n0AgHIsmUKJWCMDKYmz4tgPBZVyyBf38yBX6ZSKYBGn4N
P0543,47.52 €,Clothing,Zm1aABoup16WP1WHqgxttXHhwcmUnHapNLsiB4J5Jdx96qyVEs
P0544,80.22 €,Books,DK1A2SvPkSzqDN4yQ4e4zfmCluvHHoKiQ3UaUyfKU7aa4zDwoj
P0545,52.45 €,Home & Kitchen,SfJ0opsx5gqclGVLS4xJduvF6aRJbk5kvhjf8BDfLMTynrc2SO
P0546,73.04 €,Sports & Outdoors,0F3BHeDUdVKk6BoXJa6SCJA7TDvgsyPhW3R3fhz1Je42RVeYD5
P0547,94.78 €,Electronics,4giI3ejIu10MVVuOn4aMRzI8hiDJTiQixRouWrL7emaVB2WfhZ
P0548,84.14 €,Sports & Outdoors,mxzT8bxK3mG3E0mQgb8BjViQ778tfSPVOt41hpcrbIIRQtzUGp
P0549,59.39 €,Clothing,XwbMv7ULbZalTxDCayMOoZ7pnsmXyz7HnEA7naU5AdEC5FskO4
P0550,36.18 €,Electronics,mvpqZStlRFZdCpXPaGlgPPajjV4pIWcbARak2Ky601xBQOfEUv
P0551,72.08 €,Electronics,97yey74VOSh5dd0hxWCMpnwMoRKvQVKyXY631PilssKlV8Bo9g
P0552,80.77 €,Sports & Outdoors,0ncxWOUZCC8N3r0UDS1oBnUMSnYydyjDGGImxdpkHPOO4LEeUR
P0553,13.51 €,Electronics,RPimp9fCmqNlthbTJDncxzUiCKvThYlum4qWKfRPBLM46v5zr0
P0554,42.83 €,Clothing,TteUZNrAl3eMlXFKxQwANOsFAYtLgZlpmzs16dWxnqHsUI3u6L
P0555,64.37 €,Books,NRiNdUaFhdL1wI2eDd7tzW29bMcogzbp3chVrCyph60jLunLIQ
P0556,74.20 €,Clothing,D8YZed70kY42DENFsc9UNucsUpoMC05XKg9mKKv7i4jIbBASLO
P0557,74.44 €,Books,GFySoYRuFpjGDr4aFklgwnD2hI4QUAIcqWpaoeowsHASVCCYMW
P0558,33.54 €,Books,gbeTHJYBU1cm1w9ecnEtC3STti1KIOqX5rcYHHMb9hSqGVWY4x
P0559,21.00 €,Clothing,R6lnb9VpZjdEOgaqBFmM8Ep9qFZNvbmHpid9EzWeDBcU9Q3pWH
P0560,34.65 €,Home & Kitchen,kPkU99WSPUMEon3PjMEFIghYl1g3irRe0sxLHbmKTHQHfggg4u
P0561,46.75 €,Clothing,Gz4G3fahlj3NBgGbc6hVZUWLDdJ8hiiqjiutj1deNVk9N3HZ7N
P0562,78.93 €,Sports & Outdoors,rD7Y3MF4zvS6zFnBGeUslQZ8AQp46jiaXWgRaAEqSCxXXvJRgZ
P0563,63.17 €,Sports & Outdoors,XhscouNCn9aBuy6hbmQLp2AcQ014xuGBFeZ41fIt5WVMWGX7PL
P0564,91.73 €,Home & Kitchen,kZ8MvKMWoFIDnNvkdCR4RibLgtalj5kTXR3o1Dxpm8dr181o3m
P0565,93.63 €,Sports & Outdoors,zz77Qu5N34NZ5k8vFxPijyiDvZr7NZTFTm0zfYqSEsGYjBATJb
P0566,96.25 €,Electronics,LLK2qu25DEaOGQpogrZnPA6Xw12iMYl8KamaqxkX69RdwNp3rQ
P0567,98.27 €,Electronics,N0oHKISXSe7uIsq0hIPayWudfQ12pCnWoeN6aHM7QI3F9fKeWt
P0568,69.74 €,Sports & Outdoors,jFNkB2sCA8SVvPEEKHXjsgCDv3MsZACOHxH5H66PyMjrP7wolK
P0569,34.53 €,Books,u3PkcxPAz7VjQDomqwZCTX17KPttjq2ckDxwOp9FV2krtjvr73
P0570,57.53 €,Clothing,GspFqtW0NkGz0QIPk9OBy2exBZgAKbptS36EfOHHR1AckJHT9w
P0571,31.39 €,Sports & Outdoors,m3GqGCopYFjWsXIqY0EYXmgaONW6df37bU83HqDkivQFpy3G9u
P0572,75.01 €,Electronics,umPTqky5pE6QZX2Bo1zWv7mcT9ES5dDCh0C4vokXwfyOjYvWwH
P0573,62.56 €,Electronics,JntFwurKQXaELsq1xXynrxBo2LAVvSSQazR4y5YjR3sxicyhuT
P0574,89.90 €,Home & Kitchen,9q67LOlQRARQThwtCjtaXDkI8M0zuthsbMx9QqLctbnHxkTcIs
P0575,38.05 €,Electronics,lW4UuMAiTHwZmAuJlWEBCbLyqvV3PPfYAgRsf5ttYKSgHSPvWL
P0576,47.82 €,Sports & Outdoors,g4ZlHL4kv3XFVsQBaWM97XnkJgY42nvo6N0DV2NPEpXN2B6igq
P0577,12.31 €,Books,yzbVs9mWzk3i4CHFXGbHnokFSnwL2AxdlhAtGLphUf0xNoIbHy
P0578,89.55 €,Sports & Outdoors,0e0pv9Ds82VckJS2WJO4qHy1zFMkkfwVqaOUXjsAPMneNnAnph
P0579,95.06 €,Sports & Outdoors,gK7QqR2gyxwxRs6AlBqHZm5IGsHmMRFNwjKFA4NPoTeCDjh8CW
P0580,9.33 €,Books,Phxq8N9js0jEaWnhbnlLqhmakx2mf1nKFSNxuG8zagxxgbdAFw
P0581,1.21 €,Electronics,Zgg38fmUmaR8ZTDS9c1cNnB7YHXFH6MDaL54aAsbfgFa8hy1xp
P0582,63.39 €,Books,sPbBp4rxQREOwdG8futQzVSqyLv8vY9VKXQ7qmo1anjelvrZKX
P0583,28.98 €,Books,OqOXEKhxK6ZOGis8Jk38dAhZLOBqG1nWQ9wLn7nyXW2xG2ptRB
P0584,78.17 €,Clothing,xWaXaV866N3uJHOCwm0Ma3IvSLOA3vdQY675ha5iw7t2lkA5CF
P0585,4.60 €,Books,NumyLHsHFg2xG1z6uiNNpGMGUxSSvaP9VDkBg5KtlXqgcQMsR9
P0586,57.67 €,Books,oMYwPbihbHc8G6JFo4Lja83bo4NdzMrBTC8PYQd2mi6XzXJxKk
P0587,37.88 €,Books,oZUnsiZ7zMiznR6WO7fETMsQkT9oaXknztBS91I9xHxBe6jPSO
P0588,23.29 €,Sports & Outdoors,UnPRW8OaD1O5Z6NFIvMtpLECTuvqIBzCGBcJrPBCrbadQe45Rf
P0589,80.52 €,Home & Kitchen,6cpKu5SycCMH5Wm0CDKGobTQ6b5PKO9osmi7mAUGSvkWQxkVId
P0590,99.52 €,Books,Nj8Kex0voeQ7nENy5usQx6Gh5JhXP7e7wsV4KP1sHxo9BUN95N
P0591,11.15 €,Clothing,PjWUFHsnKVj29wnLdDJ9ZO5xIbLdfaaG2ytmJm8LrGgUGVK39p
P0592,85.66 €,Books,wUMcIiCFB0XtdEzywgNfkV4PmafFevjeBgNYBEXYwjL2MPcvp7
P0593,31.62 €,Books,LC0R6XaY7DboqV1SY5Owtx2smML4KxDepylPqN4yhwZtL7lnuu
P0594,32.74 €,Home & Kitchen,R1ldRs8KD3poXHToeGP77nfeDOfLZcgIjbLASt8QFNN3oR2ARj
P0595,87.58 €,Clothing,QSEIXvOHAlKNiAtPsKRlgRved7AqVJNsPFZydK9hDRVdZIIqOZ
P0596,14.50 €,Home & Kitchen,ooFtlWXZfdN8Lo75Nvdbc0yJpOKbyuSepeKWfjEsagEpNLqU3W
P0597,34.23 €,Electronics,MVubc35s8NZOjMuGchcaDv53uAAA3UYu6iarCEiSmQEFwy2vd5
P0598,31.16 €,Books,ajscjQ9ZQBPQ5eAzbHJXNv1xG8lSYXFi1Zyi66NeAUdU22gZ1s
P0599,72.33 €,Clothing,msikU2NDRKRgfapWE19Kp6QJRdywxHgl81xVR7duwHw1lh8qOI
P0600,41.96 €,Sports & Outdoors,MhSrwtkHwPKXGCwceiETSGg1hyFJAtb8GQ6kQoWECVJgZUM9sq
